IPR,Tsp,TWRRF25,TWRRF50,Tsw25,Tsw50,Tsw75,Tdw25,Tdw50,Tdw75,AUCpi,IPA,Av-Au ratio,Ab-Aa ratio,Ac-Aa ratio,Ad-Aa ratio,Ap2-Ap1 ratio,AGI,Kurtosis,Skewness,L-H ratio,ShannonEntropy,Tpp,PRV,FullKurt,FullSkew,sdPRV,IQR_PRV
1.9444109237222278,0.308488958472568,5.653379561931256,1.2379193666385937,0.1207580676246937,0.1375221183532443,0.12751501932851408,1.0915422638508763,0.4385062286593055,0.9836598096898541,1.0074420640639767,0.33080441353079176,1.2165011548537583,1.9858505905901898,0.25098969694000195,0.943562594960625,0.5666934602098956,1.48033349929023,5.3117464661807405,0.37290269628792433,0.8925238440143016,3.1927076075087375,0.40057298770319444,0.6399462251487188,2.2072125036197794,0.7729017878956479,3.703448362655138,0.8911578286886754
2.192974910427674,0.4216935289088648,5.248334494513805,0.9143124960370856,0.4258482144724877,0.18484097228114107,0.12925187152648623,1.18107709505721,0.2668795496957731,1.0849189602226024,0.7721593143954688,0.27543602470288253,1.2324361500453158,1.7971971450183595,0.5465994250373133,0.8519944117663452,0.5161769698212388,0.9589442365923411,4.951967466829839,0.28539032107489914,0.8507955664821,3.930395182702644,0.2941769169495865,0.6478952623537435,2.4404443213272233,0.4823041364238019,4.952217450781012,0.43371565666202694
2.7995331490565367,0.49086996952071715,5.376943870920659,0.7505438757068567,0.3749585837183984,0.18403519883913208,0.12384734577439505,1.0559165253253848,0.18944063116895227,1.4364811257633892,1.0420095882078697,0.3175360660578576,0.9329502029435331,1.477782234157624,0.5410390370985022,0.9041377234148652,0.6596505536308261,1.046009578435324,5.030909032146754,0.32756378933793184,0.892356581775816,4.387220439351668,0.6536870131697062,0.8073452329908579,2.3613672013736466,0.5588290814075789,4.72947620995762,0.7751469255866729
1.8936864006929965,0.384103746544325,4.80070433424517,1.1234784792890464,0.37041760397987666,0.1829518663298311,0.10337825857527012,1.1417815233879876,0.39850372708049864,1.6555581874795837,0.912379674887742,0.4643011929843837,1.3205256009723105,1.588385870745511,0.5980748816287142,1.1034404078228828,0.7052815742579681,1.2270957532790978,5.398108763556045,0.26358824509492834,0.892436998935698,4.161241226996428,0.5458077928435666,0.6161625101479737,2.1636626167696527,0.4136966752799991,4.9204406591962355,0.42998185472373984
2.332019611124849,0.46519367656225147,6.383853221609297,1.1746996648454167,0.19757986539462727,0.15555609034129206,0.14759226017198535,1.1869858851277586,0.555344444674242,0.7838705362476659,0.9928086596957354,0.2948376568612355,1.0697563891702457,1.6478570353190791,0.4021448962927618,0.8858660204452261,0.6157790911753671,1.220407413741289,4.803105231717217,0.2545822903115435,0.8802263393303092,3.710926260060199,0.5222588123253494,0.5551148497794558,2.130696105951759,0.4914922812939597,4.699785692720206,1.120977620031196
2.1757041580158223,0.4529670322943032,4.4528573902930395,0.7430204477741936,0.35521565949179235,0.13487048565675272,0.30426120474694945,1.1281050584994774,0.5064427173121022,1.3095083594195756,0.7856105183014791,0.441532385582677,1.2661272154712122,1.621178641965831,0.4332958468021608,0.7087873520899687,0.45679588524916853,1.2297989910323888,4.545121365143252,0.7869150525237588,0.7744100948716085,4.018178334425435,0.5111849850333272,0.6664589050059009,2.234873540970436,0.8611768998845886,5.647920369561533,0.5189515284912068
2.2182626522143853,0.3171407927763985,4.913056565599575,0.8210233535309371,0.266645206609663,0.11879233807872927,0.1677284073350691,0.9473230279695936,0.3592082560376419,1.2461553130855634,0.7012832812869664,0.198111847218015,0.9362253509693552,1.7914300829900365,0.5790033277510956,1.1972349051368927,0.7928936142515908,1.118971664883204,4.545980617593239,0.46552539413531135,0.902568894872215,3.600400188206558,0.6663050497875023,0.4656081754447089,2.5037285189504686,0.37726756782651555,5.617925234613212,0.4287085050458736
0.5531005659686647,0.40255760978699223,5.287814431164178,0.7741276238714674,0.20014817213394032,0.2590883082505011,0.3030865777725399,1.1192500261559148,0.37122584521544144,0.9922151735362914,0.9616776650859075,0.32200613833325836,0.9407755092995949,1.689622883115017,0.5266909615968084,1.2500725923903826,0.48136918013288954,1.0070113616803076,4.80564141981479,0.28288638444116637,0.8449653986838749,4.065911489833148,0.8943621863108566,0.7186843803088753,2.5575252308237064,0.3397969978460285,4.8281680623467205,1.1704465732224314
2.597459609433278,0.2887383907104072,4.165518774794564,1.0672073901850485,0.41118165046031624,0.1339453821378594,0.2642202476657293,0.9512164925909493,0.3107046541646975,1.6087493058411204,0.9337979243133742,0.2295598283093138,1.2450016617316935,1.4894585166253875,0.46616851169203694,1.1194238655455688,0.2884874313073363,1.5367976270613508,4.931960590534685,0.39048746203388385,0.9559137344816016,3.8652721293813954,0.8117417556814381,0.6668829416961775,2.3248427968492034,0.7235900540712443,4.189464421029338,0.4979554715809905
1.2180459304622069,0.2884765518465102,4.540799359149939,0.8845651922808786,0.37137465473050285,0.14634903740474978,0.3254984989493297,1.0080812220322242,0.6876561809852587,1.4932441753038805,0.6811341374023212,0.3856039277502428,1.234752951812496,1.373627560549226,0.6102592759884455,1.027552545611959,0.4356569246638316,1.3819837668316821,5.125212568553499,0.5469657674350246,0.8526709816460037,3.7331145116473436,0.3418918389572011,0.6792071450959382,2.407403180209681,0.4615775050746822,5.026704344096456,0.7163408680818214
1.8023174769203991,0.5393998384671252,5.0067592719895435,1.323215045128222,0.399858836216723,0.13111059031041794,0.21329170224433433,1.2118932064147063,0.30015023696915055,1.3734508663021745,0.987313819699405,0.2916993420649321,0.9306685078655034,1.4793700474558904,0.38411890929254927,0.9062268839933663,0.41210988255149333,1.1536602387971544,5.099545960162159,0.4644577212288802,0.8028695953802673,3.905383821077453,0.7270699294282947,0.6664962635106643,2.3638717515910854,0.7130559087893122,5.371031231846789,0.4894396956757263
2.2198734949568095,0.2986716387448645,3.9285173406057483,0.9581844326375109,0.4999403179212873,0.14436627909892047,0.11965742958735139,1.0292262411545292,0.18653200329270664,1.1849762455229575,1.0106964993394987,0.3884391191722345,1.0758654532627276,1.4827453139100881,0.8582155219108492,1.0799021039896806,0.3638973567533213,1.279327638542954,5.827028738595396,0.37027443471551125,0.9396200775021142,3.83860010227421,0.5904718786184782,0.6032794608105562,2.6295083328448525,0.5030026881149066,5.043087998154615,0.6097264571714245
1.0236805106195501,0.4092960721091235,5.423322278050933,0.9014692678541651,0.8550077698687917,0.26416055247515535,0.15999219380830695,1.165311155966346,0.3547866228470693,1.0803567650010808,0.7350716145318574,0.628643869671772,1.0658979107894548,1.3675099157891941,0.4959532430876931,1.1226380782058936,0.22896794175145538,1.3488684466927743,4.60458664941676,0.6624407870032216,1.3435628328606382,3.86135137745493,0.45194548143072855,0.7028316585716717,2.30803334552028,0.9310602571083484,5.386919374759364,0.6493264919669419
1.41801501010687,0.7764999702091843,5.607437222515654,1.489820683224329,0.32327053227952957,0.13512772071198248,0.2052968484263126,1.0385585848910774,0.7286798210715437,0.9767297765046579,0.9230435653370707,0.5208342650684785,1.276318849484681,1.136074011231323,0.4841277640216018,1.2177916921765148,0.4063144297003204,1.527959298927247,4.786503349701793,0.3962898629634026,1.0175103834226649,3.9103182129299503,0.3492802294325806,0.649335917571849,2.512758895349194,0.21414986410710868,4.81563028767728,0.7833029831531269
1.6659569101356966,0.5163318117763376,5.677771099642677,1.0800185071819952,0.5711322501609553,0.09326296029255945,0.3589991054387124,1.3190244104958244,0.41181262623410203,1.4959413944580524,1.4034279171255186,0.2913948312960708,1.0185457533029187,1.6872285720938014,0.33965351934817656,0.9819780921444758,0.4214985027209703,1.2416165040086924,5.0326921116184025,0.42334177302775605,0.9385443209561238,4.2416356406507765,0.41400052905845036,0.6153223906461408,2.3699042331124645,0.4725217308527399,4.842348414780649,0.7623304749479833
1.2031023340307054,0.4504947196689242,5.8496164769848,0.9219333542474518,0.4784367203775765,0.21618692057654948,0.2190489239302885,1.3624932375195247,0.26748891915556056,1.311267365894035,0.9754488337801187,0.31132511279566166,1.2146960003166754,1.6713065416157242,0.38666091543360614,1.0592806762358067,0.9454814459038765,1.0793500255550714,4.597130567078156,0.3007577271299536,0.8701735857124057,3.5865022449616473,0.42199762743433683,0.5850195627827066,2.2363389695410785,0.7919085696079232,6.417983254381174,1.0365034629603804
2.7485072390218797,0.5482282219660743,6.024616678738982,0.8032130561226215,0.12767119321676806,0.12464414268019014,0.19348394806333338,1.072592887637878,0.24983827351524407,1.54873236706102,1.078576549277033,0.2711588436371667,0.9643748081418716,1.959563353480391,0.4007619937020045,1.1330073419607838,0.36234936410126045,1.0509712559860953,5.04807176389112,0.480399462935171,0.7353553446402287,4.1903345008236705,0.5429077552502211,0.5279114674985149,2.732156662540154,0.5721223958563635,6.1036387002515475,0.9442448700026509
1.996632226888294,0.3959513125066529,6.228357517129755,0.7463133866976219,0.27936001502391006,0.16468943161783267,0.27552200504264107,1.0425885812387923,0.5031102293481892,1.2308777181296573,1.4864546647251706,0.2979539145425445,0.618979115614631,1.3296590599502456,0.2959847650765885,0.982457097800854,0.7206439272468137,1.260804642142983,4.481158655552809,0.4273688047748737,0.9331427256617073,3.4510853908910097,0.3084192910902372,0.4594671630900468,2.6542698309095796,1.0201359592430306,5.8307104304559045,0.34507787625576913
1.6907154828136468,0.5069669225273582,5.138740455777317,0.8084848342487526,0.2510679814182436,0.2694195168957802,0.11814498795125156,1.049428025007803,0.5092466868880817,1.3905629147442728,1.164138389703283,0.26863098674342323,0.8657507678896463,1.6848189149415047,0.5455137235945933,0.8320477317169769,0.541766686818806,1.3117034249704949,4.481904640361195,0.3917422213689207,0.9455995479439234,3.5566501628285616,0.7615314082515472,0.5840446116831661,2.7725526645246292,0.46363908261139314,4.393544178958431,0.7076558946040736
2.3054244630169647,0.4805022719170646,7.043310484220777,0.798011739417156,0.31705960239476716,0.18806150160437715,0.2554797464521357,1.4218571068936174,0.21501271455589707,0.9657869430637965,0.9382304338031001,0.21683187567106962,0.9542592732366507,1.4682844517479006,0.48807162379084673,1.0848130061220203,0.8696388848548782,1.369019559945999,4.632320343233439,0.43793380591267916,0.8505945987896029,3.546465926005325,0.4067435601340952,0.7271971312849826,2.5528801100820395,0.44006977544789,4.19207427341671,0.7562644544229415
1.9562522726284843,0.34078674998108766,4.261263055458902,1.344550888156969,0.752800581772805,0.2275419288906632,0.18797812835179648,1.3027259537106972,0.7258726541687148,1.3359400441520808,0.87318689985297,0.2751027937358622,0.9223708658897204,1.5429834960577267,0.8688875360485095,0.816522905289936,0.36517260156193143,1.0524627483231543,4.866111002085251,0.3201572034979731,0.9920315642229436,3.6938068931959673,0.7492368531573586,0.6069550670819646,2.4011311699545086,0.5106522324023367,5.643979782060726,0.9817277765053446
1.9937601507295635,0.37967745135206943,6.093284550174359,1.098615478207091,0.25622617441384066,0.28945212563314454,0.3212636108792659,1.4605406890515633,0.40507689434678446,1.599719810959997,1.1512784916824772,0.3508216169923179,1.1287701410700282,1.442113000294508,0.35132870816510786,0.9468499462275062,0.9479626530865761,1.1857688696516162,4.7823830397600515,0.4187258872694971,0.8685530152765277,3.4184559328997706,0.9037547500806031,0.7032649508761444,2.084417199582381,0.6803852711516241,5.206247064480298,0.8003881673594967
2.437012191315327,0.3870366069992971,5.733420324398064,1.076001202628331,0.40817083411406013,0.11084350847653918,0.15128345938730176,1.158942042175212,0.292029447444008,0.9892434842239937,0.7584021807959207,0.2424819446716475,0.7067486686095997,1.6886903613282533,0.6197598502913261,0.7988081189612576,0.2916463147235755,1.1997900920987328,4.971973939935411,0.6933818189826434,1.0199519802989139,3.6535853447206934,0.509514325802967,0.7565071177978794,2.2045608770266805,0.587138160111029,4.042744787690142,0.512619858637697
1.4938929106728527,0.43558728780696643,6.036154899342141,1.756097417675097,0.31467317412649226,0.19627758954908817,0.27758775278620845,1.358656833617591,0.3157518814187198,0.9710004682487672,0.9102449622871802,0.3865982758484664,1.284664706960718,2.0413766741068606,0.2245468000016352,0.898745016498501,0.46710282554770677,1.3734423960679922,5.141739040051281,0.520846688822738,0.9524178307309172,3.776072704879514,0.36846650821984034,0.6211783148720278,2.5978931556820593,0.6053401231679838,4.8402399132282765,0.30403243617131054
2.5393762158313127,0.3699069291044675,5.898778577932954,1.1437658456681026,0.16375095573770504,0.08406012524305323,0.21818594338818778,0.8312185465088932,0.4354443017028402,1.3426868667125709,0.9783600224757396,0.28385346396571215,1.2619062758045405,2.246880220486375,0.5366119867150492,0.7868072824215006,0.43922143458515056,1.405084032888897,4.761593974066702,0.5932746091208262,0.709712935348708,3.5457151548788572,0.6609360081558269,0.5858300674413083,2.705625574899797,0.6911422923697176,4.41008545038828,0.5847924000553341
2.2066140833760834,0.4873863010742152,4.697770707657582,1.2098792633386686,0.2796490977061406,0.1664232813705539,0.19218859086230242,1.1201589515375443,0.3386506298771687,1.1314136804626425,0.958919775488933,0.46084510076000784,1.1525096384776956,1.5259898269739607,0.3028915544893535,1.2710465235394461,0.548087885146581,1.341327608625956,4.816885615452252,0.3694735026122405,0.9306559246063586,3.6479756223155375,0.5460564966696968,0.5799358771556142,2.3706661813543835,0.3479234514199931,6.184346805857921,1.0368730555280061
1.2291238298415668,0.36607810740439445,5.444889984238725,1.3692595738533957,0.2729169588577169,0.29816796061192113,0.06987681716857277,1.2585550560782954,0.4604543615245998,1.420276852907405,0.6028191375880466,0.35523485140455646,0.9090498076396581,1.2979686441548761,0.31178268647175034,0.8711608978965821,0.24819175890068207,1.304539824975705,4.381639695169538,0.37529496402948204,1.0305974628204666,3.6980094163543558,0.5990032824653638,0.5733172842928905,1.9577148236944806,0.7429710136243124,5.250662413464969,0.4836952402255532
1.0549186057938782,0.6566677998215313,5.292521341157696,1.1384975106027824,0.4292371797106712,0.14933756004058749,0.12717597527114152,1.4129198792810616,0.4111085328051097,1.2788082009741664,1.1189509868068916,0.3642729390189943,1.4080516828795366,1.676421210004842,0.6700530190290904,1.0718872421223893,0.4290113908176132,1.3817002978877435,5.183148824038808,0.39619399694048496,0.6943666864093709,3.9874587153072336,0.6730086090667902,0.6929803279963682,2.443322740200993,0.18233546990322666,5.141604048722323,0.7311098212755142
1.6247345995274756,0.4124848616958048,5.5866665028806395,0.777730600250681,0.24452628687414624,0.16724688043919422,0.10291627430801599,1.2453323421926523,0.48570189509544076,1.536306949556136,0.9633598256447198,0.34538011916427047,1.0088680038579707,1.2931162733160926,0.4409449122656614,1.0064277398389714,0.5427205301836616,1.374307406423357,3.983661054663336,0.3598346594514488,1.0751668230526366,3.290694161613185,0.5046376481656144,0.7261391615921715,2.6797013451279414,0.6858096274010625,4.165223246828266,0.6042578702565886
2.4480302698206544,0.3346440469101445,5.811120838009847,1.265722304598613,0.28466850703489327,0.11950932303383212,0.0962232112796882,1.252707225958766,0.33054657468908355,1.214489055963707,0.6624022496396125,0.26095565861965375,1.098547206211377,1.1815883741469995,0.5605232144253834,1.3441933532947248,0.4799565774458304,1.2346100506206363,4.507862771412205,0.34495839293095754,0.827170531104181,3.674955506031829,0.36787914841708363,0.5706127705839482,2.4491856936979555,0.40139948992928665,4.327556617278957,0.491195705235503
1.9883289763384524,0.42582048739504585,6.0617446237837385,1.0810650808722542,0.14073107255247536,0.08794860615440539,0.1181674109884855,1.3828295496353389,0.4873840379577446,1.1852201901525476,0.7725305164810511,0.2951476133706212,0.860705607995592,1.6964217110331854,0.4133606968398711,1.1576201845992466,0.37502463064151353,1.1840880374555942,4.757728609655024,0.3174184082207286,0.9595011397767722,3.562249989309346,0.6651316309820708,0.6363841390767166,2.395759682187151,0.24846662821977278,4.128811913777861,0.46507049590008626
2.242841592188037,0.4139910304454699,5.297441273838617,1.0640672264869795,0.5192748515737469,0.16382477937764162,0.24178598887133093,1.2416385100731075,0.3410384016355965,1.1154130353697969,0.9405814124467604,0.21606178962941897,0.6010551247200543,1.7956793176983141,0.535097454293377,1.0188094843737863,0.49244450385891125,1.2725101387145674,4.899638125838747,0.3825572832422417,0.9516465084184261,3.4242341626590953,0.7187329728638573,0.6640668589335021,1.9699161253760757,0.26964590223197127,4.969705590604789,0.35778803041678325
2.0804158629579397,0.33367530530789347,4.698382437539698,1.135787498385024,0.664002772047646,0.14627648093650933,0.1096236149123718,0.9842934286267984,0.3368499633072352,1.430192701530551,0.6298200161851538,0.4011981531368878,0.8309322564236202,1.5799469874764316,0.487370093386322,0.9058307323423663,0.37171493178110615,1.25415600170876,4.75685573176367,0.2503864918600456,0.8942740278141654,4.611470101829555,0.7440473811038167,0.3874655022261174,2.2761117919819873,0.317608461950606,4.926194421164399,0.8781578491114643
1.0985570432479277,0.5546523606187865,5.555051310136579,1.018519834318637,0.33471238196618897,0.16978209502356678,0.09285032525737097,1.071357502742819,0.537321420762386,1.1433917950648256,1.0113097453078856,0.3487638063430519,1.5091917827360886,1.5362093760744484,0.6830954031845222,0.9526452856473137,0.3424011137542486,1.1437814250107203,5.362227500903989,0.335182103793248,0.9761238773782546,4.364310873205276,0.6215448430286197,0.5913323062144094,2.0205084938262265,0.22605676908101982,5.592349103318148,0.7619642996056707
2.1731214043498075,0.3628224748367988,5.749023795723408,0.8104369552104188,0.33771920112466386,0.12043779368077369,0.10471383508952757,1.2178937254239912,0.7263037340801696,1.0755798062394146,0.8109399460390243,0.28025939275720096,1.1162880602855272,1.7431428121482633,0.2729592400151168,1.196462866974725,0.3424208440138069,1.1275947927509298,5.178785732591173,0.43323757324319245,0.8093587312915648,3.7055552555183873,0.591155265986739,0.6101917319397396,2.392895552071464,0.49630072019254917,5.001191095920088,0.6026657657954849
1.4211920754528238,0.3837135322884582,5.764094966452051,1.2710860916630158,0.29593149622930914,0.2741121754089086,0.46398807717528434,0.7716554098863287,0.3609387192824118,1.6099760550271904,1.1356082604641224,0.3870250439316238,1.0476856347324648,1.6786300912798655,0.2500136419180801,0.9010844429802045,0.4795681003991382,1.3336191582223178,4.918794748495677,0.40859955764239614,1.0842945587956865,4.044536321968955,0.956173515740979,0.6667250469973022,2.10634524347306,0.5091345384636472,5.550725666255793,0.6593015788945791
2.6912408332703692,0.24119813076582514,5.344914703258265,0.8363878060374005,0.37431455618854287,0.10438167097216769,0.13054287894080588,0.923265339377786,0.43752363825662655,1.0563970140405845,1.0748175366752595,0.35136900473516997,0.8820972188967822,1.8279563756176012,0.3610490399946703,1.2331368156597362,0.6565351382965258,1.4367946647858314,5.299282690889141,0.3601290115994933,0.9078826777487092,3.6180595879547495,0.5357960950088002,0.6558485794340083,1.9669560969456121,0.2678658501378288,4.832507528120536,0.6712826248358935
1.3930491564029066,0.2928637138690969,5.264170580841838,1.6614569152071657,0.309855433221677,0.09066558343751925,0.10744241039325765,1.1063481658611316,0.4615367695103269,1.123824384302714,1.1965512603679076,0.2596350109493645,0.8762390269216694,1.8206136223989131,0.5337912684094501,1.4145972159848808,0.6349630764834637,1.0943832890208902,5.107369986688963,0.3466884192888636,0.9618015364369353,3.195215102428988,0.8094130385313345,0.647936480465287,1.9308067966605615,0.7046885006579106,4.486845463975997,0.31253916643265345
1.7933942596441836,0.3418326826967949,5.751369638641456,0.9729421631901455,0.2108203373268143,0.17859028105662433,0.09014052850137186,1.0553082033818482,0.8241290143080916,1.3261915237854658,0.8189897954168481,0.31201222634547493,1.2773851117278168,1.9761410502546182,0.2242145837746356,1.1841770140316816,0.6777909170973228,1.2309467601429602,5.217850236679549,0.3883890571500152,0.6759156680356474,3.8754092959657442,0.3417060890571959,0.5358622605158173,2.183102402417758,0.7210503213879507,5.562601237958725,0.9529684768504804
0.9246183944808036,0.452635808138409,5.287312232531577,0.752129491004963,0.5022393660510118,0.14354533271503392,0.21208679382141146,1.137392552490911,0.15935478873683745,1.1821749715324672,0.8224908598054632,0.2643156880879817,0.9465757276950089,1.1290839242872253,0.3662708857881313,0.9128896779911013,0.7581989685215552,1.494165904065508,4.916639191100222,0.6169189234684679,0.9619514435576771,4.539015192072426,0.3242248740035149,0.7010599989251617,2.355431779539142,0.7688597584107291,5.119499214485945,0.39196660912585124
2.153645499540775,0.5134110710428634,5.560253601783256,0.8720254064425359,0.23128590697250198,0.15930896880887058,0.12275786166038309,1.1238732208865088,0.36659306799430197,1.1416282781484712,1.0387274908913067,0.30762119260524823,1.021905110129156,2.3069841804996423,0.2534351683636336,1.2758884287101346,0.6034258178113808,1.0325203539765015,5.102318686351836,0.8073121763780912,0.9548180199557627,3.20936464046309,0.5085267329266431,0.60960022059252,2.33621216910655,0.4107904274760292,4.823617111170896,0.7160112239977371
0.6695576609958359,0.5094835490025025,5.378111232999215,1.0074918098339298,0.17963944704060406,0.10010391796876865,0.44561889279516076,0.9258477920084318,0.6877431911335563,1.0977296391696378,0.7708114985451814,0.26246861797240256,0.782175192774352,1.8819170396027094,0.34157149657476527,0.9328401532937542,0.9555036569315069,0.9087217521905817,5.393089116362228,0.7986082410531465,0.9819399061271731,3.5672793042485265,0.2413591943199665,0.7346329219745653,2.393172535276354,0.7206144274635474,4.487169228528354,0.39485408189493343
1.8201919824872042,0.28801568613815953,4.477971869142845,0.680163110637924,0.23796962366974922,0.23028904578130485,0.1557925102647303,1.0261784624132606,0.22278891343138882,1.5451280385865829,0.8290807324516789,0.3695969856873501,1.4643102516905528,1.814686886431757,0.5498601084953653,1.1370681511058978,0.43904486804357096,1.228377458265335,4.983039200894578,0.45456361905985976,0.9773093601092548,3.702000177961569,0.8282985357582214,0.6313935493511466,2.284501067579678,0.8859216188637778,4.713915957945847,0.47020587407507236
2.0117764611708457,0.3481400231765451,5.6645892325394325,0.7685947405963818,0.43325153462484844,0.29332610387882774,0.2552288721433264,1.3454631386363307,0.2983418980194427,1.355146188300891,0.7941423997397109,0.24237797936793112,0.7008795864904916,1.7123577281367395,0.2573482806905183,1.09501998830335,0.6270274903370221,1.3823107019235719,5.184150397583878,0.5652631503745437,1.0032213305599877,4.229991651598243,0.44111281418142384,0.5899866810072246,2.225843292970535,0.3130853903362373,5.079719906209562,0.5959772384474963
2.1893278686154134,0.5327444177346706,5.007997054741482,1.6910119887696244,0.3724665967998415,0.18030300826352125,0.14566155199806605,1.3187879979717854,0.9517464770093199,1.2223075693608734,1.0396346145046935,0.3090990431882391,1.6389919993128885,1.9011020634660767,0.31353285007569803,1.0131908213152039,0.5090865728710176,1.5652198186808364,5.245290925572781,0.4820207186360396,0.6655959287472384,4.124912139664448,0.33149366098962574,0.5426203385468259,1.9643730015853875,0.6663151775436296,4.217326398334461,0.5790094153623442
2.1364284716280646,0.4592434544631354,5.084643464341129,1.33689525952119,0.2024756749844829,0.13987860274995859,0.27915332004559,1.1530803234116151,0.17362554752324605,1.2197091555663426,1.1065438816493591,0.27893498160411273,1.1681410945729316,1.7731454390005077,0.3688320250468704,1.0695510881801402,0.5014383306794546,1.4999286499947855,4.828738420997089,0.7383288081631317,0.7311715564765086,4.598309010263194,0.40309518092363916,0.7264331750160757,2.150527833376843,0.5879577678178455,4.985533494726304,0.6977238524005375
2.0335344435694056,0.37973580435506626,5.701005064106997,0.8128794687505906,0.4379497813984917,0.11050376367970305,0.08666221195500133,1.0717456523456241,0.41200136625577666,1.334782527947295,0.977026633790051,0.27339503969476814,1.0838213302013118,0.7736832321861717,0.3172427877598441,1.1722681901934549,0.4973699779459924,1.179877819802548,4.614346859409208,0.6001621324631954,0.8430881227744613,3.28978081658097,0.6607072881070146,0.6507368301247577,2.4996075787239707,0.652010331193354,5.664697802408499,0.8728060547597414
2.4233399417192594,0.4619459125464287,4.543872780675704,0.9044019614769259,0.4558676512573022,0.1613488059748553,0.2609587693002659,1.0818502090484314,0.44560597224641924,1.1412888613789727,0.8577710829941324,0.34513500064627334,1.0425646113458555,1.1767476340663825,0.40869110192085545,0.8192521182205266,0.3143714960596796,1.0784021174103235,4.853429292125204,0.6121988650616286,1.0771406381181998,2.5369283133179734,0.2681320048220495,0.6854250910907685,2.7850823837388328,0.40136559816029754,4.552816442283609,1.1671840159118503
2.198947996492004,0.29649441789301645,5.426319114900596,1.351115945987666,0.2582014210465401,0.15666768815600893,0.16004832498045957,1.3341954522757258,0.3212579672097347,1.3202616454211487,0.8260928841637075,0.37818164884809424,0.9856208096603457,1.5236165598106988,0.30512846342539934,1.0131022592757326,0.46304992778503345,1.1201165621444276,5.089126231036913,0.3523636299804162,1.1371414173610184,3.842954632669093,0.49690272951859754,0.640093705382788,2.205923327400583,0.3680828263061706,5.128166358098039,0.5555598335398197
0.9747580559576698,0.6946710781490182,5.553325397544115,0.9522764702724585,0.4799442628267732,0.17418731142562377,0.27973664870232867,1.4488243082530652,0.2956535673099638,1.1281068335245337,0.7803418175074238,0.45195975010100403,1.1664885990268885,2.022819707800315,0.3727524971077169,1.4299550543098336,0.979303904323466,0.9802400372970529,5.004142623121984,0.5340174969213136,0.8394871133651626,4.73250490772252,0.3708556940638706,0.5576470390018358,2.581214065474451,0.7580004263461182,4.889541065396716,0.7289124178231643
